-- phpMyAdmin SQL Dump
-- version 5.2.1
-- https://www.phpmyadmin.net/
--
-- Servidor: 127.0.0.1
-- Tiempo de generación: 25-08-2023 a las 13:17:48
-- Versión del servidor: 10.4.28-MariaDB
-- Versión de PHP: 8.2.4

SET SQL_MODE = "NO_AUTO_VALUE_ON_ZERO";
START TRANSACTION;
SET time_zone = "+00:00";


/*!40101 SET @OLD_CHARACTER_SET_CLIENT=@@CHARACTER_SET_CLIENT */;
/*!40101 SET @OLD_CHARACTER_SET_RESULTS=@@CHARACTER_SET_RESULTS */;
/*!40101 SET @OLD_COLLATION_CONNECTION=@@COLLATION_CONNECTION */;
/*!40101 SET NAMES utf8mb4 */;

--
-- Base de datos: `app_db`
--

-- --------------------------------------------------------

--
-- Estructura de tabla para la tabla `alumnos`
--

CREATE TABLE `alumnos` (
  `id` int(11) NOT NULL,
  `nombre` varchar(255) NOT NULL,
  `apellidos` varchar(255) NOT NULL
) ENGINE=InnoDB DEFAULT CHARSET=utf8mb4 COLLATE=utf8mb4_general_ci;

--
-- Volcado de datos para la tabla `alumnos`
--

INSERT INTO `alumnos` (`id`, `nombre`, `apellidos`) VALUES
(45, 'Paco', 'Perez'),
(73, 'Oscar', 'Uh  Perez'),
(86, 'Oscar', 'Uh  Perez'),
(87, 'Oscar', 'Uh  Perez'),
(99, 'Borja', 'Fernández Gaitero');

-- --------------------------------------------------------

--
-- Estructura de tabla para la tabla `alumnos_cursos`
--

CREATE TABLE `alumnos_cursos` (
  `id` int(11) NOT NULL,
  `id_alumno` int(255) NOT NULL,
  `id_curso` int(255) NOT NULL
) ENGINE=InnoDB DEFAULT CHARSET=utf8mb4 COLLATE=utf8mb4_general_ci;

--
-- Volcado de datos para la tabla `alumnos_cursos`
--

INSERT INTO `alumnos_cursos` (`id`, `id_alumno`, `id_curso`) VALUES
(68, 73, 2),
(73, 86, 2),
(74, 87, 17),
(91, 45, 3),
(92, 45, 2),
(110, 99, 2),
(111, 99, 3),
(112, 99, 17);

-- --------------------------------------------------------

--
-- Estructura de tabla para la tabla `cursos`
--

CREATE TABLE `cursos` (
  `id` int(255) NOT NULL,
  `nombre_curso` varchar(255) NOT NULL
) ENGINE=InnoDB DEFAULT CHARSET=utf8mb4 COLLATE=utf8mb4_general_ci;

--
-- Volcado de datos para la tabla `cursos`
--

INSERT INTO `cursos` (`id`, `nombre_curso`) VALUES
(2, 'Curso de php desde cero'),
(3, 'Curso de Java'),
(17, 'Sitio web con php'),
(25, 'Curso de Phyton');

--
-- Índices para tablas volcadas
--

--
-- Indices de la tabla `alumnos`
--
ALTER TABLE `alumnos`
  ADD PRIMARY KEY (`id`);

--
-- Indices de la tabla `alumnos_cursos`
--
ALTER TABLE `alumnos_cursos`
  ADD PRIMARY KEY (`id`),
  ADD KEY `id_alumno` (`id_alumno`),
  ADD KEY `id_curso` (`id_curso`);

--
-- Indices de la tabla `cursos`
--
ALTER TABLE `cursos`
  ADD PRIMARY KEY (`id`);

--
-- AUTO_INCREMENT de las tablas volcadas
--

--
-- AUTO_INCREMENT de la tabla `alumnos`
--
ALTER TABLE `alumnos`
  MODIFY `id` int(11) NOT NULL AUTO_INCREMENT, AUTO_INCREMENT=101;

--
-- AUTO_INCREMENT de la tabla `alumnos_cursos`
--
ALTER TABLE `alumnos_cursos`
  MODIFY `id` int(11) NOT NULL AUTO_INCREMENT, AUTO_INCREMENT=116;

--
-- AUTO_INCREMENT de la tabla `cursos`
--
ALTER TABLE `cursos`
  MODIFY `id` int(255) NOT NULL AUTO_INCREMENT, AUTO_INCREMENT=27;

--
-- Restricciones para tablas volcadas
--

--
-- Filtros para la tabla `alumnos_cursos`
--
ALTER TABLE `alumnos_cursos`
  ADD CONSTRAINT `alumnos_cursos_ibfk_1` FOREIGN KEY (`id_alumno`) REFERENCES `alumnos` (`id`) ON DELETE CASCADE ON UPDATE CASCADE,
  ADD CONSTRAINT `alumnos_cursos_ibfk_2` FOREIGN KEY (`id_curso`) REFERENCES `cursos` (`id`) ON DELETE CASCADE ON UPDATE CASCADE;
COMMIT;

/*!40101 SET CHARACTER_SET_CLIENT=@OLD_CHARACTER_SET_CLIENT */;
/*!40101 SET CHARACTER_SET_RESULTS=@OLD_CHARACTER_SET_RESULTS */;
/*!40101 SET COLLATION_CONNECTION=@OLD_COLLATION_CONNECTION */;
